[
    {
        "nome": "Thiago Freire",
        "idade": 40,
        "cargo": "Professor"
    },
    {
        "nome": "Patricia Freire",
        "idade": 45,
        "cargo": "Do lar"
    },
    {
        "nome": "Alice",
        "idade": 18,
        "cargo": "filha"
    },
    {
        "nome": "Thiaguinho",
        "idade": 9,
        "cargo": "filho"
    },
    {
        "nome": "Ana Luisa",
        "idade": 12,
        "cargo": "Enteada"
    },
    {
        "nome": "Benjamin Dalicio",
        "idade": 0,
        "cargo": "Filho"
    },
    {
        "nome": "Gustavo",
        "idade": 25,
        "cargo": "Professor"
    }
]